date,driver_id,driver_name,years_experience,trips_completed,distance_covered,fuel_consumption,fuel_saved,co2_reduced,idle_time,driving_time,harsh_braking_count,rapid_acceleration_count,speeding_incidents,sharp_cornering_count,following_distance_violations,idle_events,acceleration_score,braking_score,cornering_score,speed_control_score,following_distance_score,eco_driving_score,safety_violations,incident_free_days,perfect_trips,completed_training_modules,total_training_modules,certifications_count,event_timestamp,event_type,event_location,event_severity,impact_score
2024-10-03 23:21:14.260321,DR-2024-001,Driver 1,9,8,111.19,11.12,4.51,12.09,19.43,2.22,2,2,2,1,1,5,90,90,95,80,90,90,2,1,6,13,15,1,2024-10-03 23:58:14.260321,Optimal Route Followed,Delivery Point B,medium,-1.34
2024-10-04 23:21:14.260321,DR-2024-001,Driver 1,9,3,152.37,15.24,2.06,5.52,17.75,3.05,3,3,1,1,0,1,85,85,95,90,100,98,0,8,3,9,15,2,2024-10-05 01:06:14.260321,Optimal Route Followed,Route C,medium,-3.89
2024-10-05 23:21:14.260321,DR-2024-001,Driver 1,9,2,191.06,19.11,4.67,12.52,24.8,3.82,2,3,1,1,1,2,90,85,95,90,90,96,2,11,2,13,15,2,2024-10-06 10:42:14.260321,Excessive Idling,Main St.,low,-4.86
2024-10-06 23:21:14.260321,DR-2024-001,Driver 1,9,3,152.15,15.21,3.44,9.22,22.86,3.04,0,3,0,2,1,2,100,85,90,100,90,96,0,2,2,7,15,1,2024-10-07 03:28:14.260321,Optimal Route Followed,Route C,positive,3.92
2024-10-07 23:21:14.260321,DR-2024-001,Driver 1,9,5,132.43,13.24,4.11,11.01,19.7,2.65,3,3,1,0,1,0,85,85,100,90,90,100,0,30,1,11,15,3,2024-10-08 12:30:14.260321,Optimal Route Followed,Route C,positive,-2.28
2024-10-08 23:21:14.260321,DR-2024-001,Driver 1,9,2,154.55,15.46,4.14,11.1,27.03,3.09,2,2,2,2,1,0,90,90,90,80,90,100,1,17,1,11,15,4,2024-10-09 00:48:14.260321,Harsh Braking,Main St.,positive,3.2
2024-10-09 23:21:14.260321,DR-2024-001,Driver 1,9,5,86.16,8.62,4.66,12.49,27.78,1.72,0,3,2,2,1,2,100,85,90,80,90,96,1,3,3,12,15,4,2024-10-10 22:27:14.260321,Optimal Route Followed,Delivery Point B,medium,-3.21
2024-10-10 23:21:14.260321,DR-2024-001,Driver 1,9,6,121.24,12.12,2.23,5.98,22.53,2.42,0,0,1,0,0,1,100,100,100,90,100,98,1,16,1,12,15,3,2024-10-11 01:20:14.260321,Harsh Braking,Delivery Point B,medium,3.12
2024-10-11 23:21:14.260321,DR-2024-001,Driver 1,9,3,51.65,5.17,4.44,11.9,21.76,1.03,0,2,2,2,1,0,100,90,90,80,90,100,0,7,1,8,15,2,2024-10-12 06:01:14.260321,Optimal Route Followed,Route C,positive,-3.62
2024-10-12 23:21:14.260321,DR-2024-001,Driver 1,9,5,136.93,13.69,1.33,3.56,10.91,2.74,3,0,2,0,1,1,85,100,100,80,90,98,1,9,5,6,15,5,2024-10-13 07:07:14.260321,Harsh Braking,Main St.,medium,2.57
2024-10-13 23:21:14.260321,DR-2024-001,Driver 1,9,7,168.6,16.86,1.36,3.64,27.01,3.37,1,2,1,0,1,0,95,90,100,90,90,100,0,8,7,11,15,1,2024-10-14 20:47:14.260321,Harsh Braking,Delivery Point B,positive,4.15
2024-10-14 23:21:14.260321,DR-2024-001,Driver 1,9,8,101.71,10.17,3.89,10.43,25.6,2.03,2,0,1,2,1,2,90,100,90,90,90,96,1,11,6,11,15,2,2024-10-14 23:51:14.260321,Excessive Idling,Delivery Point B,low,3.33
2024-10-15 23:21:14.260321,DR-2024-001,Driver 1,9,3,68.57,6.86,4.49,12.03,25.98,1.37,2,0,2,0,0,1,90,100,100,80,100,98,1,10,1,6,15,3,2024-10-16 05:57:14.260321,Excessive Idling,Delivery Point B,low,4.22
2024-10-16 23:21:14.260321,DR-2024-001,Driver 1,9,8,169.33,16.93,2.46,6.59,23.2,3.39,0,2,2,0,0,2,100,90,100,80,100,96,1,4,8,13,15,5,2024-10-17 13:13:14.260321,Excessive Idling,Delivery Point B,high,2.46
2024-10-17 23:21:14.260321,DR-2024-001,Driver 1,9,6,57.78,5.78,0.15,0.4,13.46,1.16,2,0,0,0,0,2,90,100,100,100,100,96,2,26,0,15,15,4,2024-10-18 03:50:14.260321,Excessive Idling,Route C,low,1.08
2024-10-18 23:21:14.260321,DR-2024-001,Driver 1,9,3,135.85,13.58,2.35,6.3,23.11,2.72,0,2,2,2,1,1,100,90,90,80,90,98,1,22,2,10,15,5,2024-10-19 08:07:14.260321,Optimal Route Followed,Delivery Point B,positive,-0.18
2024-10-19 23:21:14.260321,DR-2024-001,Driver 1,9,4,176.87,17.69,3.6,9.65,21.78,3.54,2,0,1,0,0,5,90,100,100,90,100,90,2,3,0,13,15,1,2024-10-20 06:12:14.260321,Excessive Idling,Delivery Point B,positive,2.43
2024-10-20 23:21:14.260321,DR-2024-001,Driver 1,9,5,186.55,18.66,0.69,1.85,15.83,3.73,0,2,1,0,1,3,100,90,100,90,90,94,0,12,2,12,15,1,2024-10-21 14:12:14.260321,Excessive Idling,Main St.,medium,-3.33
2024-10-21 23:21:14.260321,DR-2024-001,Driver 1,9,3,87.17,8.72,2.7,7.24,15.6,1.74,2,3,2,2,1,4,90,85,90,80,90,92,1,3,3,9,15,3,2024-10-22 14:38:14.260321,Harsh Braking,Delivery Point B,low,3.71
2024-10-22 23:21:14.260321,DR-2024-001,Driver 1,9,6,154.39,15.44,1.78,4.77,26.6,3.09,3,2,0,1,1,4,85,90,95,100,90,92,2,9,2,13,15,5,2024-10-23 12:34:14.260321,Excessive Idling,Route C,low,2.97
2024-10-23 23:21:14.260321,DR-2024-001,Driver 1,9,8,85.58,8.56,1.75,4.69,28.28,1.71,1,2,0,1,1,1,95,90,95,100,90,98,0,15,5,12,15,1,2024-10-24 22:19:14.260321,Excessive Idling,Delivery Point B,positive,1.12
2024-10-24 23:21:14.260321,DR-2024-001,Driver 1,9,4,178.09,17.81,2.97,7.96,25.01,3.56,0,3,2,1,0,3,100,85,95,80,100,94,1,23,0,12,15,5,2024-10-25 14:40:14.260321,Optimal Route Followed,Main St.,positive,3.31
2024-10-25 23:21:14.260321,DR-2024-001,Driver 1,9,2,97.38,9.74,3.16,8.47,20.75,1.95,3,3,2,2,1,1,85,85,90,80,90,98,2,10,0,5,15,3,2024-10-26 10:06:14.260321,Optimal Route Followed,Delivery Point B,low,0.96
2024-10-26 23:21:14.260321,DR-2024-001,Driver 1,9,2,185.89,18.59,0.08,0.21,28.64,3.72,1,0,2,2,0,0,95,100,90,80,100,100,1,9,1,6,15,4,2024-10-27 13:01:14.260321,Harsh Braking,Main St.,positive,-0.37
2024-10-27 23:21:14.260321,DR-2024-001,Driver 1,9,6,98.7,9.87,0.33,0.88,22.87,1.97,3,0,0,1,1,3,85,100,95,100,90,94,2,4,2,12,15,1,2024-10-28 02:40:14.260321,Excessive Idling,Route C,high,-4.57
2024-10-28 23:21:14.260321,DR-2024-001,Driver 1,9,6,122.81,12.28,2.56,6.86,28.77,2.46,1,2,2,1,0,4,95,90,95,80,100,92,1,3,1,7,15,2,2024-10-29 03:05:14.260321,Optimal Route Followed,Delivery Point B,positive,2.96
2024-10-29 23:21:14.260321,DR-2024-001,Driver 1,9,8,144.77,14.48,1.75,4.69,8.98,2.9,1,1,2,0,1,5,95,95,100,80,90,90,2,1,2,5,15,1,2024-10-30 21:51:14.260321,Excessive Idling,Route C,high,-0.91
2024-10-30 23:21:14.260321,DR-2024-001,Driver 1,9,5,161.59,16.16,2.14,5.74,5.13,3.23,3,0,0,1,0,5,85,100,95,100,100,90,1,1,5,10,15,4,2024-10-31 12:08:14.260321,Excessive Idling,Delivery Point B,low,1.53
2024-10-31 23:21:14.260321,DR-2024-001,Driver 1,9,4,100.69,10.07,2.1,5.63,19.99,2.01,0,2,1,2,1,0,100,90,90,90,90,100,2,10,4,14,15,2,2024-11-01 11:52:14.260321,Harsh Braking,Delivery Point B,positive,-4.54
2024-11-01 23:21:14.260321,DR-2024-001,Driver 1,9,3,53.26,5.33,4.94,13.24,25.14,1.07,0,0,0,2,0,1,100,100,90,100,100,98,2,24,2,11,15,4,2024-11-02 14:59:14.260321,Excessive Idling,Route C,medium,4.51
2024-10-03 23:21:14.260321,DR-2024-002,Driver 2,5,6,111.01,11.1,1.17,3.14,13.49,2.22,3,2,2,1,1,4,85,90,95,80,90,92,2,25,0,7,15,1,2024-10-04 06:52:14.260321,Harsh Braking,Delivery Point B,medium,1.66
2024-10-04 23:21:14.260321,DR-2024-002,Driver 2,5,2,92.16,9.22,2.5,6.7,13.46,1.84,2,1,1,2,1,3,90,95,90,90,90,94,1,19,1,12,15,2,2024-10-05 02:45:14.260321,Optimal Route Followed,Delivery Point B,low,-3.75
2024-10-05 23:21:14.260321,DR-2024-002,Driver 2,5,2,93.56,9.36,3.06,8.2,17.88,1.87,2,0,2,1,1,1,90,100,95,80,90,98,0,23,0,9,15,3,2024-10-06 22:57:14.260321,Excessive Idling,Main St.,high,-4.45
2024-10-06 23:21:14.260321,DR-2024-002,Driver 2,5,6,112.43,11.24,0.05,0.13,8.29,2.25,0,3,2,0,1,3,100,85,100,80,90,94,2,14,0,12,15,3,2024-10-07 04:26:14.260321,Harsh Braking,Route C,positive,-1.06
2024-10-07 23:21:14.260321,DR-2024-002,Driver 2,5,7,144.87,14.49,2.63,7.05,17.79,2.9,0,3,1,0,1,2,100,85,100,90,90,96,0,26,1,6,15,4,2024-10-08 07:31:14.260321,Optimal Route Followed,Delivery Point B,positive,-0.01
2024-10-08 23:21:14.260321,DR-2024-002,Driver 2,5,2,195.85,19.59,2.43,6.51,25.98,3.92,3,0,0,0,1,0,85,100,100,100,90,100,0,25,2,9,15,1,2024-10-09 21:57:14.260321,Harsh Braking,Delivery Point B,low,-2.05
2024-10-09 23:21:14.260321,DR-2024-002,Driver 2,5,6,71.83,7.18,1.03,2.76,29.33,1.44,0,2,2,1,1,5,100,90,95,80,90,90,2,14,3,11,15,4,2024-10-10 08:10:14.260321,Optimal Route Followed,Main St.,medium,-2.73
2024-10-10 23:21:14.260321,DR-2024-002,Driver 2,5,7,144.45,14.44,3.2,8.58,20.5,2.89,1,0,0,2,0,1,95,100,90,100,100,98,2,7,4,8,15,4,2024-10-11 09:14:14.260321,Excessive Idling,Main St.,low,3.66
2024-10-11 23:21:14.260321,DR-2024-002,Driver 2,5,4,111.18,11.12,2.75,7.37,16.87,2.22,1,0,1,1,0,2,95,100,95,90,100,96,2,1,0,9,15,5,2024-10-12 00:41:14.260321,Optimal Route Followed,Route C,low,-3.34
2024-10-12 23:21:14.260321,DR-2024-002,Driver 2,5,5,62.53,6.25,3.99,10.69,7.59,1.25,1,1,1,1,0,4,95,95,95,90,100,92,1,29,2,6,15,2,2024-10-13 09:19:14.260321,Harsh Braking,Main St.,high,-1.34
2024-10-13 23:21:14.260321,DR-2024-002,Driver 2,5,7,195.37,19.54,4.9,13.13,16.23,3.91,2,2,1,0,0,1,90,90,100,90,100,98,2,16,7,15,15,2,2024-10-14 08:28:14.260321,Optimal Route Followed,Route C,medium,1.98
2024-10-14 23:21:14.260321,DR-2024-002,Driver 2,5,3,156.25,15.62,0.97,2.6,28.44,3.12,2,1,2,0,1,4,90,95,100,80,90,92,1,20,3,12,15,4,2024-10-15 11:59:14.260321,Harsh Braking,Route C,high,-4.35
2024-10-15 23:21:14.260321,DR-2024-002,Driver 2,5,3,64.34,6.43,2.25,6.03,12.23,1.29,0,0,0,0,1,0,100,100,100,100,90,100,1,15,0,9,15,1,2024-10-16 20:47:14.260321,Harsh Braking,Delivery Point B,high,-4.53
2024-10-16 23:21:14.260321,DR-2024-002,Driver 2,5,4,170.12,17.01,0.09,0.24,14.95,3.4,0,3,0,0,0,5,100,85,100,100,100,90,1,13,0,5,15,2,2024-10-17 14:53:14.260321,Optimal Route Followed,Route C,medium,-2.44
2024-10-17 23:21:14.260321,DR-2024-002,Driver 2,5,3,161.38,16.14,0.66,1.77,21.52,3.23,0,2,1,2,1,4,100,90,90,90,90,92,2,14,3,5,15,4,2024-10-18 10:50:14.260321,Excessive Idling,Delivery Point B,high,-0.16
2024-10-18 23:21:14.260321,DR-2024-002,Driver 2,5,2,144.21,14.42,0.65,1.74,27.83,2.88,2,1,1,2,0,5,90,95,90,90,100,90,0,6,0,11,15,3,2024-10-19 21:05:14.260321,Optimal Route Followed,Main St.,positive,-1.67
2024-10-19 23:21:14.260321,DR-2024-002,Driver 2,5,8,137.38,13.74,2.6,6.97,10.01,2.75,0,3,1,2,0,5,100,85,90,90,100,90,0,26,6,10,15,3,2024-10-20 19:48:14.260321,Optimal Route Followed,Delivery Point B,low,2.68
2024-10-20 23:21:14.260321,DR-2024-002,Driver 2,5,5,146.49,14.65,1.35,3.62,29.91,2.93,2,0,1,2,0,2,90,100,90,90,100,96,2,17,3,15,15,4,2024-10-21 19:13:14.260321,Excessive Idling,Route C,low,-4.84
2024-10-21 23:21:14.260321,DR-2024-002,Driver 2,5,7,125.22,12.52,4.41,11.82,25.96,2.5,0,2,1,2,1,0,100,90,90,90,90,100,0,13,6,15,15,5,2024-10-22 21:46:14.260321,Excessive Idling,Delivery Point B,medium,-4.08
2024-10-22 23:21:14.260321,DR-2024-002,Driver 2,5,8,169.0,16.9,0.3,0.8,18.04,3.38,0,0,1,0,1,1,100,100,100,90,90,98,2,19,8,15,15,4,2024-10-23 12:31:14.260321,Harsh Braking,Route C,positive,-1.65
2024-10-23 23:21:14.260321,DR-2024-002,Driver 2,5,7,66.76,6.68,4.51,12.09,19.81,1.34,1,2,0,0,1,1,95,90,100,100,90,98,1,14,5,12,15,3,2024-10-24 23:03:14.260321,Harsh Braking,Delivery Point B,medium,2.87
2024-10-24 23:21:14.260321,DR-2024-002,Driver 2,5,8,196.77,19.68,2.65,7.1,5.86,3.94,0,1,2,1,1,1,100,95,95,80,90,98,2,6,2,14,15,1,2024-10-25 06:48:14.260321,Harsh Braking,Route C,medium,1.55
2024-10-25 23:21:14.260321,DR-2024-002,Driver 2,5,6,119.8,11.98,4.91,13.16,12.25,2.4,0,1,0,1,0,2,100,95,95,100,100,96,0,14,4,6,15,4,2024-10-26 23:15:14.260321,Harsh Braking,Main St.,low,-1.71
2024-10-26 23:21:14.260321,DR-2024-002,Driver 2,5,4,88.6,8.86,3.93,10.53,29.58,1.77,3,2,0,0,0,3,85,90,100,100,100,94,0,14,0,9,15,5,2024-10-27 07:44:14.260321,Excessive Idling,Delivery Point B,positive,1.17
2024-10-27 23:21:14.260321,DR-2024-002,Driver 2,5,4,81.62,8.16,2.88,7.72,15.43,1.63,0,2,0,2,1,0,100,90,90,100,90,100,2,24,3,14,15,1,2024-10-28 18:26:14.260321,Optimal Route Followed,Delivery Point B,positive,2.75
2024-10-28 23:21:14.260321,DR-2024-002,Driver 2,5,6,105.48,10.55,0.8,2.14,6.81,2.11,1,0,2,2,1,1,95,100,90,80,90,98,2,19,1,11,15,5,2024-10-29 21:40:14.260321,Harsh Braking,Route C,medium,-0.86
2024-10-29 23:21:14.260321,DR-2024-002,Driver 2,5,3,136.25,13.62,3.55,9.51,21.23,2.73,2,1,2,0,0,0,90,95,100,80,100,100,2,27,3,13,15,3,2024-10-30 07:09:14.260321,Excessive Idling,Delivery Point B,medium,-0.77
2024-10-30 23:21:14.260321,DR-2024-002,Driver 2,5,8,56.75,5.67,1.96,5.25,16.32,1.14,2,3,2,1,1,3,90,85,95,80,90,94,2,20,5,8,15,1,2024-10-31 18:35:14.260321,Optimal Route Followed,Delivery Point B,positive,2.51
2024-10-31 23:21:14.260321,DR-2024-002,Driver 2,5,3,172.46,17.25,1.3,3.48,19.88,3.45,1,0,0,0,1,5,95,100,100,100,90,90,2,22,2,15,15,5,2024-11-01 15:49:14.260321,Excessive Idling,Delivery Point B,low,-1.71
2024-11-01 23:21:14.260321,DR-2024-002,Driver 2,5,3,121.61,12.16,4.08,10.93,25.0,2.43,0,0,2,2,0,2,100,100,90,80,100,96,0,11,1,14,15,1,2024-11-02 07:01:14.260321,Optimal Route Followed,Main St.,medium,-1.59
2024-10-03 23:21:14.260321,DR-2024-003,Driver 3,2,7,159.81,15.98,1.57,4.21,12.95,3.2,3,2,1,0,0,5,85,90,100,90,100,90,2,10,2,14,15,4,2024-10-04 02:37:14.260321,Optimal Route Followed,Main St.,high,1.03
2024-10-04 23:21:14.260321,DR-2024-003,Driver 3,2,3,108.71,10.87,2.93,7.85,22.4,2.17,0,0,0,0,1,2,100,100,100,100,90,96,0,6,0,10,15,3,2024-10-05 11:31:14.260321,Optimal Route Followed,Route C,low,-3.85
2024-10-05 23:21:14.260321,DR-2024-003,Driver 3,2,7,87.55,8.75,2.06,5.52,18.27,1.75,2,2,2,0,1,3,90,90,100,80,90,94,1,15,2,10,15,5,2024-10-06 13:47:14.260321,Harsh Braking,Delivery Point B,low,4.06
2024-10-06 23:21:14.260321,DR-2024-003,Driver 3,2,2,143.7,14.37,3.37,9.03,29.98,2.87,3,3,1,2,1,3,85,85,90,90,90,94,2,8,1,5,15,2,2024-10-07 19:33:14.260321,Harsh Braking,Route C,medium,1.6
2024-10-07 23:21:14.260321,DR-2024-003,Driver 3,2,8,103.05,10.3,1.06,2.84,22.78,2.06,3,1,1,1,0,2,85,95,95,90,100,96,1,19,5,12,15,4,2024-10-08 19:28:14.260321,Harsh Braking,Route C,high,3.26
2024-10-08 23:21:14.260321,DR-2024-003,Driver 3,2,8,170.92,17.09,3.13,8.39,20.19,3.42,2,0,0,0,1,1,90,100,100,100,90,98,0,11,0,7,15,2,2024-10-09 17:56:14.260321,Harsh Braking,Delivery Point B,low,4.96
2024-10-09 23:21:14.260321,DR-2024-003,Driver 3,2,8,140.66,14.07,4.22,11.31,23.48,2.81,0,2,2,2,0,4,100,90,90,80,100,92,2,23,7,8,15,2,2024-10-10 21:04:14.260321,Optimal Route Followed,Route C,positive,2.2
2024-10-10 23:21:14.260321,DR-2024-003,Driver 3,2,5,133.38,13.34,1.59,4.26,24.97,2.67,2,2,1,1,1,2,90,90,95,90,90,96,0,19,3,13,15,5,2024-10-11 03:06:14.260321,Excessive Idling,Delivery Point B,low,4.58
2024-10-11 23:21:14.260321,DR-2024-003,Driver 3,2,3,135.74,13.57,4.1,10.99,13.49,2.71,3,0,1,0,0,1,85,100,100,90,100,98,0,7,1,6,15,1,2024-10-12 07:31:14.260321,Excessive Idling,Main St.,high,-3.33
2024-10-12 23:21:14.260321,DR-2024-003,Driver 3,2,4,133.85,13.38,1.21,3.24,8.66,2.68,1,0,2,2,0,5,95,100,90,80,100,90,2,28,3,11,15,3,2024-10-13 03:04:14.260321,Harsh Braking,Main St.,positive,2.78
2024-10-13 23:21:14.260321,DR-2024-003,Driver 3,2,4,148.32,14.83,4.93,13.21,23.11,2.97,3,0,1,2,1,5,85,100,90,90,90,90,0,26,4,7,15,4,2024-10-14 10:20:14.260321,Harsh Braking,Main St.,medium,-0.33
2024-10-14 23:21:14.260321,DR-2024-003,Driver 3,2,2,50.62,5.06,2.4,6.43,7.15,1.01,1,3,0,2,0,2,95,85,90,100,100,96,2,18,0,6,15,4,2024-10-15 15:37:14.260321,Harsh Braking,Route C,positive,0.17
2024-10-15 23:21:14.260321,DR-2024-003,Driver 3,2,2,135.14,13.51,2.06,5.52,7.4,2.7,3,1,1,0,0,2,85,95,100,90,100,96,0,12,0,13,15,5,2024-10-16 01:16:14.260321,Optimal Route Followed,Route C,medium,1.84
2024-10-16 23:21:14.260321,DR-2024-003,Driver 3,2,3,111.23,11.12,4.75,12.73,6.51,2.22,2,1,1,1,1,1,90,95,95,90,90,98,2,19,0,7,15,2,2024-10-17 01:45:14.260321,Harsh Braking,Delivery Point B,medium,1.57
2024-10-17 23:21:14.260321,DR-2024-003,Driver 3,2,5,79.99,8.0,0.64,1.72,10.66,1.6,0,0,1,2,1,3,100,100,90,90,90,94,0,7,4,11,15,1,2024-10-18 18:31:14.260321,Excessive Idling,Main St.,medium,-4.53
2024-10-18 23:21:14.260321,DR-2024-003,Driver 3,2,8,118.97,11.9,1.06,2.84,27.34,2.38,2,0,0,1,1,3,90,100,95,100,90,94,1,15,2,8,15,2,2024-10-19 06:01:14.260321,Optimal Route Followed,Main St.,high,-3.44
2024-10-19 23:21:14.260321,DR-2024-003,Driver 3,2,3,160.36,16.04,2.17,5.82,27.21,3.21,3,1,0,2,1,5,85,95,90,100,90,90,1,24,3,8,15,4,2024-10-20 05:57:14.260321,Optimal Route Followed,Route C,low,1.16
2024-10-20 23:21:14.260321,DR-2024-003,Driver 3,2,4,52.72,5.27,0.68,1.82,20.45,1.05,1,2,0,1,0,3,95,90,95,100,100,94,0,2,2,6,15,1,2024-10-21 08:03:14.260321,Excessive Idling,Main St.,medium,-4.85
2024-10-21 23:21:14.260321,DR-2024-003,Driver 3,2,3,196.7,19.67,0.31,0.83,11.01,3.93,2,1,1,0,1,3,90,95,100,90,90,94,1,25,1,9,15,1,2024-10-22 12:06:14.260321,Harsh Braking,Delivery Point B,positive,4.44
2024-10-22 23:21:14.260321,DR-2024-003,Driver 3,2,6,90.86,9.09,4.77,12.78,24.11,1.82,3,3,2,2,0,2,85,85,90,80,100,96,2,0,3,10,15,1,2024-10-23 20:15:14.260321,Optimal Route Followed,Main St.,high,-3.58
2024-10-23 23:21:14.260321,DR-2024-003,Driver 3,2,8,139.67,13.97,0.81,2.17,12.43,2.79,0,2,2,2,0,5,100,90,90,80,100,90,0,29,0,8,15,1,2024-10-24 04:18:14.260321,Excessive Idling,Delivery Point B,high,-3.28
2024-10-24 23:21:14.260321,DR-2024-003,Driver 3,2,4,99.09,9.91,2.88,7.72,29.22,1.98,3,1,1,0,1,0,85,95,100,90,90,100,1,19,2,10,15,5,2024-10-25 21:26:14.260321,Harsh Braking,Delivery Point B,positive,3.46
2024-10-25 23:21:14.260321,DR-2024-003,Driver 3,2,8,78.22,7.82,4.51,12.09,9.01,1.56,2,2,2,2,1,0,90,90,90,80,90,100,0,10,8,11,15,4,2024-10-26 04:18:14.260321,Harsh Braking,Route C,medium,-4.99
2024-10-26 23:21:14.260321,DR-2024-003,Driver 3,2,3,181.16,18.12,4.66,12.49,5.97,3.62,3,2,1,1,1,4,85,90,95,90,90,92,1,3,2,14,15,1,2024-10-27 00:37:14.260321,Excessive Idling,Main St.,medium,-2.72
2024-10-27 23:21:14.260321,DR-2024-003,Driver 3,2,5,128.51,12.85,4.54,12.17,6.53,2.57,2,0,2,2,0,2,90,100,90,80,100,96,0,13,5,6,15,2,2024-10-28 18:55:14.260321,Optimal Route Followed,Main St.,high,-2.62
2024-10-28 23:21:14.260321,DR-2024-003,Driver 3,2,3,172.79,17.28,1.79,4.8,18.32,3.46,0,0,0,2,0,4,100,100,90,100,100,92,0,3,2,14,15,4,2024-10-29 15:48:14.260321,Harsh Braking,Route C,low,3.0
2024-10-29 23:21:14.260321,DR-2024-003,Driver 3,2,3,80.26,8.03,0.92,2.47,11.48,1.61,3,3,1,1,1,2,85,85,95,90,90,96,1,10,3,15,15,4,2024-10-30 19:30:14.260321,Harsh Braking,Delivery Point B,medium,-0.04
2024-10-30 23:21:14.260321,DR-2024-003,Driver 3,2,3,110.17,11.02,2.54,6.81,26.54,2.2,1,3,0,0,0,1,95,85,100,100,100,98,1,20,1,15,15,4,2024-10-31 14:26:14.260321,Excessive Idling,Route C,medium,1.25
2024-10-31 23:21:14.260321,DR-2024-003,Driver 3,2,2,195.27,19.53,0.65,1.74,16.03,3.91,0,0,0,0,1,5,100,100,100,100,90,90,0,26,1,11,15,2,2024-11-01 16:48:14.260321,Harsh Braking,Main St.,positive,4.06
2024-11-01 23:21:14.260321,DR-2024-003,Driver 3,2,7,100.22,10.02,1.55,4.15,15.59,2.0,3,0,0,2,0,4,85,100,90,100,100,92,1,29,1,8,15,5,2024-11-02 04:43:14.260321,Optimal Route Followed,Delivery Point B,positive,-2.01
2024-10-03 23:21:14.260321,DR-2024-004,Driver 4,6,3,125.34,12.53,2.78,7.45,28.73,2.51,3,0,2,1,1,2,85,100,95,80,90,96,0,23,1,9,15,2,2024-10-03 23:28:14.260321,Optimal Route Followed,Route C,low,-2.27
2024-10-04 23:21:14.260321,DR-2024-004,Driver 4,6,8,65.91,6.59,0.02,0.05,6.96,1.32,3,2,2,2,1,5,85,90,90,80,90,90,0,26,0,12,15,4,2024-10-05 16:37:14.260321,Harsh Braking,Route C,positive,-1.77
2024-10-05 23:21:14.260321,DR-2024-004,Driver 4,6,5,137.12,13.71,4.57,12.25,12.06,2.74,0,2,0,1,0,4,100,90,95,100,100,92,1,2,3,14,15,2,2024-10-06 16:14:14.260321,Excessive Idling,Main St.,high,-4.84
2024-10-06 23:21:14.260321,DR-2024-004,Driver 4,6,5,194.26,19.43,2.12,5.68,21.47,3.89,0,1,2,1,0,4,100,95,95,80,100,92,0,20,1,10,15,3,2024-10-07 10:04:14.260321,Excessive Idling,Main St.,medium,4.38
2024-10-07 23:21:14.260321,DR-2024-004,Driver 4,6,4,169.1,16.91,2.57,6.89,21.13,3.38,2,0,2,0,0,0,90,100,100,80,100,100,0,1,2,9,15,4,2024-10-08 19:46:14.260321,Excessive Idling,Delivery Point B,medium,-4.3
2024-10-08 23:21:14.260321,DR-2024-004,Driver 4,6,3,142.36,14.24,3.78,10.13,27.67,2.85,0,1,2,2,0,3,100,95,90,80,100,94,0,14,0,12,15,4,2024-10-09 04:34:14.260321,Excessive Idling,Main St.,low,-2.04
2024-10-09 23:21:14.260321,DR-2024-004,Driver 4,6,3,110.13,11.01,1.53,4.1,16.59,2.2,2,3,1,2,1,4,90,85,90,90,90,92,2,14,1,10,15,4,2024-10-10 19:39:14.260321,Harsh Braking,Delivery Point B,medium,0.71
2024-10-10 23:21:14.260321,DR-2024-004,Driver 4,6,8,158.22,15.82,3.58,9.59,10.47,3.16,3,0,0,2,0,2,85,100,90,100,100,96,1,30,3,13,15,3,2024-10-11 22:46:14.260321,Optimal Route Followed,Route C,medium,1.19
2024-10-11 23:21:14.260321,DR-2024-004,Driver 4,6,5,123.96,12.4,2.67,7.16,7.17,2.48,0,3,0,1,1,4,100,85,95,100,90,92,0,1,5,9,15,4,2024-10-12 02:54:14.260321,Excessive Idling,Delivery Point B,positive,1.58
2024-10-12 23:21:14.260321,DR-2024-004,Driver 4,6,2,133.64,13.36,0.79,2.12,27.58,2.67,0,2,0,1,1,5,100,90,95,100,90,90,1,13,1,13,15,4,2024-10-13 11:29:14.260321,Excessive Idling,Main St.,medium,0.57
2024-10-13 23:21:14.260321,DR-2024-004,Driver 4,6,5,116.1,11.61,3.37,9.03,11.04,2.32,1,1,1,0,0,5,95,95,100,90,100,90,1,6,5,5,15,2,2024-10-14 15:26:14.260321,Excessive Idling,Delivery Point B,high,1.96
2024-10-14 23:21:14.260321,DR-2024-004,Driver 4,6,3,140.45,14.04,1.32,3.54,17.62,2.81,1,3,1,1,0,5,95,85,95,90,100,90,2,6,1,6,15,3,2024-10-15 20:25:14.260321,Excessive Idling,Delivery Point B,medium,4.8
2024-10-15 23:21:14.260321,DR-2024-004,Driver 4,6,5,176.62,17.66,3.94,10.56,5.12,3.53,0,1,0,0,1,1,100,95,100,100,90,98,0,0,5,12,15,3,2024-10-16 16:32:14.260321,Optimal Route Followed,Main St.,positive,-1.34
2024-10-16 23:21:14.260321,DR-2024-004,Driver 4,6,8,53.21,5.32,3.58,9.59,22.96,1.06,3,3,1,2,0,5,85,85,90,90,100,90,1,26,7,14,15,1,2024-10-17 03:56:14.260321,Excessive Idling,Delivery Point B,low,-4.05
2024-10-17 23:21:14.260321,DR-2024-004,Driver 4,6,3,54.28,5.43,3.65,9.78,14.08,1.09,1,3,0,2,0,4,95,85,90,100,100,92,1,12,3,11,15,4,2024-10-18 12:16:14.260321,Harsh Braking,Route C,medium,1.5
2024-10-18 23:21:14.260321,DR-2024-004,Driver 4,6,6,163.26,16.33,3.36,9.0,19.72,3.27,0,2,1,2,1,4,100,90,90,90,90,92,2,18,4,8,15,4,2024-10-19 12:28:14.260321,Excessive Idling,Route C,low,4.24
2024-10-19 23:21:14.260321,DR-2024-004,Driver 4,6,6,168.68,16.87,4.18,11.2,13.72,3.37,1,1,1,2,1,2,95,95,90,90,90,96,1,28,2,12,15,4,2024-10-20 16:38:14.260321,Harsh Braking,Route C,high,4.74
2024-10-20 23:21:14.260321,DR-2024-004,Driver 4,6,2,180.0,18.0,3.36,9.0,16.84,3.6,0,3,0,2,0,5,100,85,90,100,100,90,2,12,2,8,15,2,2024-10-21 16:18:14.260321,Harsh Braking,Delivery Point B,positive,1.15
2024-10-21 23:21:14.260321,DR-2024-004,Driver 4,6,6,140.35,14.04,1.25,3.35,25.77,2.81,0,2,0,0,0,2,100,90,100,100,100,96,0,21,3,6,15,1,2024-10-22 23:00:14.260321,Optimal Route Followed,Delivery Point B,positive,0.83
2024-10-22 23:21:14.260321,DR-2024-004,Driver 4,6,6,188.18,18.82,3.04,8.15,13.39,3.76,1,1,1,2,0,3,95,95,90,90,100,94,1,29,2,15,15,2,2024-10-23 23:07:14.260321,Harsh Braking,Main St.,positive,-3.18
2024-10-23 23:21:14.260321,DR-2024-004,Driver 4,6,7,131.46,13.15,0.81,2.17,12.63,2.63,1,1,0,1,0,4,95,95,95,100,100,92,0,14,7,9,15,5,2024-10-24 22:02:14.260321,Optimal Route Followed,Main St.,low,-0.93
2024-10-24 23:21:14.260321,DR-2024-004,Driver 4,6,6,101.04,10.1,4.53,12.14,17.12,2.02,0,2,0,0,0,2,100,90,100,100,100,96,2,0,0,14,15,3,2024-10-25 09:36:14.260321,Optimal Route Followed,Route C,high,-2.18
2024-10-25 23:21:14.260321,DR-2024-004,Driver 4,6,8,63.46,6.35,3.13,8.39,26.34,1.27,0,3,2,1,0,0,100,85,95,80,100,100,2,19,4,14,15,3,2024-10-26 05:43:14.260321,Optimal Route Followed,Main St.,high,0.42
2024-10-26 23:21:14.260321,DR-2024-004,Driver 4,6,8,52.3,5.23,1.13,3.03,12.74,1.05,0,1,1,2,1,3,100,95,90,90,90,94,1,16,2,14,15,5,2024-10-27 09:24:14.260321,Excessive Idling,Delivery Point B,low,-3.94
2024-10-27 23:21:14.260321,DR-2024-004,Driver 4,6,5,113.86,11.39,0.74,1.98,13.27,2.28,2,0,2,1,0,2,90,100,95,80,100,96,2,14,5,7,15,4,2024-10-28 00:10:14.260321,Harsh Braking,Delivery Point B,low,1.96
2024-10-28 23:21:14.260321,DR-2024-004,Driver 4,6,6,55.06,5.51,0.73,1.96,5.55,1.1,1,0,1,1,0,4,95,100,95,90,100,92,0,15,5,12,15,4,2024-10-28 23:27:14.260321,Harsh Braking,Main St.,positive,-1.37
2024-10-29 23:21:14.260321,DR-2024-004,Driver 4,6,6,111.25,11.12,0.18,0.48,25.08,2.23,2,3,0,0,0,4,90,85,100,100,100,92,0,11,1,12,15,2,2024-10-30 21:28:14.260321,Optimal Route Followed,Route C,medium,1.66
2024-10-30 23:21:14.260321,DR-2024-004,Driver 4,6,5,129.75,12.97,1.24,3.32,5.49,2.6,2,2,0,0,0,4,90,90,100,100,100,92,2,17,0,11,15,4,2024-10-31 21:50:14.260321,Excessive Idling,Main St.,medium,4.93
2024-10-31 23:21:14.260321,DR-2024-004,Driver 4,6,5,64.6,6.46,3.67,9.84,6.6,1.29,2,0,1,0,0,3,90,100,100,90,100,94,0,0,1,5,15,5,2024-11-01 04:40:14.260321,Optimal Route Followed,Delivery Point B,low,-2.54
2024-11-01 23:21:14.260321,DR-2024-004,Driver 4,6,2,67.19,6.72,1.76,4.72,20.11,1.34,3,2,2,2,1,5,85,90,90,80,90,90,0,28,1,7,15,5,2024-11-02 06:46:14.260321,Excessive Idling,Delivery Point B,positive,2.68
2024-10-03 23:21:14.260321,DR-2024-005,Driver 5,8,8,156.65,15.67,1.87,5.01,11.92,3.13,2,2,0,1,0,0,90,90,95,100,100,100,0,30,4,7,15,3,2024-10-03 23:57:14.260321,Excessive Idling,Delivery Point B,positive,4.93
2024-10-04 23:21:14.260321,DR-2024-005,Driver 5,8,7,67.08,6.71,3.45,9.25,21.05,1.34,2,1,2,0,1,3,90,95,100,80,90,94,0,21,1,9,15,4,2024-10-05 11:59:14.260321,Optimal Route Followed,Delivery Point B,medium,-4.24
2024-10-05 23:21:14.260321,DR-2024-005,Driver 5,8,2,132.36,13.24,1.53,4.1,5.96,2.65,3,0,1,1,0,3,85,100,95,90,100,94,1,27,2,7,15,5,2024-10-06 06:21:14.260321,Excessive Idling,Route C,low,1.67
2024-10-06 23:21:14.260321,DR-2024-005,Driver 5,8,8,112.5,11.25,4.52,12.11,13.91,2.25,0,2,1,2,1,4,100,90,90,90,90,92,2,25,2,11,15,4,2024-10-07 10:07:14.260321,Optimal Route Followed,Delivery Point B,low,1.36
2024-10-07 23:21:14.260321,DR-2024-005,Driver 5,8,2,168.58,16.86,4.22,11.31,13.45,3.37,2,3,2,0,0,1,90,85,100,80,100,98,0,0,2,6,15,3,2024-10-08 22:38:14.260321,Optimal Route Followed,Delivery Point B,high,1.52
2024-10-08 23:21:14.260321,DR-2024-005,Driver 5,8,6,84.33,8.43,2.34,6.27,10.26,1.69,2,2,1,2,1,3,90,90,90,90,90,94,0,28,0,7,15,1,2024-10-09 08:39:14.260321,Harsh Braking,Delivery Point B,medium,-0.17
2024-10-09 23:21:14.260321,DR-2024-005,Driver 5,8,4,192.06,19.21,4.08,10.93,5.12,3.84,3,3,0,1,0,4,85,85,95,100,100,92,1,15,2,8,15,2,2024-10-10 21:42:14.260321,Optimal Route Followed,Main St.,low,-2.2
2024-10-10 23:21:14.260321,DR-2024-005,Driver 5,8,5,54.64,5.46,0.34,0.91,10.58,1.09,1,3,1,1,0,3,95,85,95,90,100,94,1,1,3,6,15,2,2024-10-11 13:43:14.260321,Excessive Idling,Delivery Point B,medium,-3.73
2024-10-11 23:21:14.260321,DR-2024-005,Driver 5,8,6,190.28,19.03,3.39,9.09,23.91,3.81,1,1,2,1,1,5,95,95,95,80,90,90,1,11,3,12,15,2,2024-10-12 08:36:14.260321,Optimal Route Followed,Main St.,high,-2.94
2024-10-12 23:21:14.260321,DR-2024-005,Driver 5,8,3,68.63,6.86,1.46,3.91,28.23,1.37,0,2,2,1,1,3,100,90,95,80,90,94,0,11,1,13,15,3,2024-10-13 12:59:14.260321,Harsh Braking,Route C,medium,-4.74
2024-10-13 23:21:14.260321,DR-2024-005,Driver 5,8,2,75.82,7.58,3.9,10.45,20.34,1.52,2,0,2,1,1,4,90,100,95,80,90,92,1,21,0,12,15,4,2024-10-14 01:39:14.260321,Harsh Braking,Main St.,medium,-1.91
2024-10-14 23:21:14.260321,DR-2024-005,Driver 5,8,2,66.64,6.66,3.72,9.97,21.21,1.33,2,2,1,1,0,1,90,90,95,90,100,98,0,13,2,5,15,1,2024-10-15 12:39:14.260321,Optimal Route Followed,Main St.,high,-0.43
2024-10-15 23:21:14.260321,DR-2024-005,Driver 5,8,6,89.75,8.97,4.55,12.19,28.73,1.79,0,0,2,1,0,5,100,100,95,80,100,90,1,11,4,14,15,4,2024-10-16 15:30:14.260321,Harsh Braking,Delivery Point B,low,2.9
2024-10-16 23:21:14.260321,DR-2024-005,Driver 5,8,2,52.7,5.27,3.04,8.15,15.27,1.05,0,0,1,0,0,5,100,100,100,90,100,90,0,9,1,15,15,2,2024-10-17 04:28:14.260321,Excessive Idling,Delivery Point B,low,3.33
2024-10-17 23:21:14.260321,DR-2024-005,Driver 5,8,6,139.18,13.92,2.18,5.84,18.44,2.78,1,3,0,2,1,4,95,85,90,100,90,92,0,25,3,10,15,4,2024-10-18 16:41:14.260321,Harsh Braking,Route C,high,2.81
2024-10-18 23:21:14.260321,DR-2024-005,Driver 5,8,7,175.15,17.52,3.66,9.81,6.91,3.5,3,1,0,0,1,5,85,95,100,100,90,90,1,27,5,11,15,3,2024-10-19 07:29:14.260321,Excessive Idling,Delivery Point B,medium,-4.29
2024-10-19 23:21:14.260321,DR-2024-005,Driver 5,8,4,120.31,12.03,3.49,9.35,10.97,2.41,1,2,2,1,0,1,95,90,95,80,100,98,1,27,4,9,15,4,2024-10-20 03:24:14.260321,Excessive Idling,Route C,medium,-3.27
2024-10-20 23:21:14.260321,DR-2024-005,Driver 5,8,7,50.6,5.06,1.82,4.88,12.37,1.01,2,3,0,1,0,5,90,85,95,100,100,90,1,23,6,5,15,4,2024-10-21 09:09:14.260321,Optimal Route Followed,Delivery Point B,high,1.64
2024-10-21 23:21:14.260321,DR-2024-005,Driver 5,8,7,79.99,8.0,3.75,10.05,9.33,1.6,3,1,0,2,1,3,85,95,90,100,90,94,1,15,4,14,15,1,2024-10-21 23:26:14.260321,Excessive Idling,Delivery Point B,low,-2.35
2024-10-22 23:21:14.260321,DR-2024-005,Driver 5,8,5,148.97,14.9,2.76,7.4,9.71,2.98,0,1,0,1,0,4,100,95,95,100,100,92,1,11,4,13,15,5,2024-10-23 02:08:14.260321,Harsh Braking,Delivery Point B,medium,-4.61
2024-10-23 23:21:14.260321,DR-2024-005,Driver 5,8,7,114.28,11.43,4.68,12.54,16.39,2.29,0,3,2,0,1,3,100,85,100,80,90,94,1,23,3,5,15,2,2024-10-24 08:42:14.260321,Harsh Braking,Route C,high,-0.32
2024-10-24 23:21:14.260321,DR-2024-005,Driver 5,8,8,156.42,15.64,2.75,7.37,29.35,3.13,0,0,0,1,0,5,100,100,95,100,100,90,1,26,3,10,15,3,2024-10-25 10:16:14.260321,Optimal Route Followed,Delivery Point B,positive,1.87
2024-10-25 23:21:14.260321,DR-2024-005,Driver 5,8,3,158.49,15.85,1.6,4.29,28.8,3.17,3,3,0,0,1,4,85,85,100,100,90,92,0,8,2,6,15,2,2024-10-25 23:29:14.260321,Optimal Route Followed,Main St.,positive,4.48
2024-10-26 23:21:14.260321,DR-2024-005,Driver 5,8,3,59.32,5.93,2.13,5.71,26.56,1.19,2,1,1,1,1,1,90,95,95,90,90,98,1,1,0,8,15,5,2024-10-27 22:39:14.260321,Harsh Braking,Main St.,medium,0.65
2024-10-27 23:21:14.260321,DR-2024-005,Driver 5,8,6,142.53,14.25,1.84,4.93,23.78,2.85,3,2,2,1,0,0,85,90,95,80,100,100,0,4,5,6,15,4,2024-10-28 22:15:14.260321,Excessive Idling,Delivery Point B,low,-4.21
2024-10-28 23:21:14.260321,DR-2024-005,Driver 5,8,3,172.86,17.29,4.04,10.83,21.6,3.46,3,1,1,2,1,5,85,95,90,90,90,90,2,13,2,13,15,4,2024-10-29 04:36:14.260321,Harsh Braking,Route C,positive,3.26
2024-10-29 23:21:14.260321,DR-2024-005,Driver 5,8,5,78.97,7.9,0.75,2.01,28.33,1.58,1,3,1,1,0,5,95,85,95,90,100,90,0,27,0,12,15,2,2024-10-30 17:32:14.260321,Optimal Route Followed,Delivery Point B,medium,2.3
2024-10-30 23:21:14.260321,DR-2024-005,Driver 5,8,4,116.16,11.62,2.9,7.77,8.71,2.32,1,1,0,1,0,2,95,95,95,100,100,96,1,7,3,7,15,4,2024-10-31 21:06:14.260321,Harsh Braking,Main St.,medium,-1.11
2024-10-31 23:21:14.260321,DR-2024-005,Driver 5,8,8,87.82,8.78,0.4,1.07,17.95,1.76,0,2,1,1,1,1,100,90,95,90,90,98,1,25,6,6,15,5,2024-11-01 18:00:14.260321,Harsh Braking,Delivery Point B,low,-3.04
2024-11-01 23:21:14.260321,DR-2024-005,Driver 5,8,5,132.52,13.25,1.15,3.08,17.49,2.65,0,0,0,1,0,1,100,100,95,100,100,98,1,0,3,10,15,1,2024-11-02 03:44:14.260321,Harsh Braking,Delivery Point B,medium,-4.83
2024-10-03 23:21:14.260321,DR-2024-006,Driver 6,5,2,171.47,17.15,0.2,0.54,13.69,3.43,1,2,0,2,0,5,95,90,90,100,100,90,2,29,2,14,15,2,2024-10-04 02:00:14.260321,Excessive Idling,Main St.,medium,-0.27
2024-10-04 23:21:14.260321,DR-2024-006,Driver 6,5,8,152.32,15.23,0.48,1.29,8.2,3.05,2,2,0,2,1,3,90,90,90,100,90,94,2,13,2,7,15,2,2024-10-04 23:46:14.260321,Harsh Braking,Delivery Point B,positive,-3.35
2024-10-05 23:21:14.260321,DR-2024-006,Driver 6,5,6,88.73,8.87,0.94,2.52,16.06,1.77,2,1,1,2,0,5,90,95,90,90,100,90,1,29,2,7,15,1,2024-10-06 05:25:14.260321,Excessive Idling,Main St.,low,1.53
2024-10-06 23:21:14.260321,DR-2024-006,Driver 6,5,8,81.54,8.15,2.51,6.73,8.49,1.63,3,1,0,1,1,2,85,95,95,100,90,96,0,0,7,6,15,3,2024-10-07 03:49:14.260321,Optimal Route Followed,Route C,high,4.04
2024-10-07 23:21:14.260321,DR-2024-006,Driver 6,5,5,166.89,16.69,0.43,1.15,23.3,3.34,0,3,0,0,0,3,100,85,100,100,100,94,0,13,1,10,15,5,2024-10-08 12:48:14.260321,Excessive Idling,Main St.,positive,-0.13
2024-10-08 23:21:14.260321,DR-2024-006,Driver 6,5,2,53.45,5.35,4.66,12.49,11.92,1.07,2,1,0,0,1,3,90,95,100,100,90,94,2,6,0,10,15,1,2024-10-09 12:31:14.260321,Harsh Braking,Main St.,low,-3.23
2024-10-09 23:21:14.260321,DR-2024-006,Driver 6,5,5,94.58,9.46,2.77,7.42,21.47,1.89,1,1,1,1,0,2,95,95,95,90,100,96,0,8,0,9,15,5,2024-10-10 05:41:14.260321,Harsh Braking,Route C,high,-1.55
2024-10-10 23:21:14.260321,DR-2024-006,Driver 6,5,5,66.38,6.64,0.66,1.77,25.82,1.33,3,0,1,1,0,0,85,100,95,90,100,100,1,13,3,6,15,3,2024-10-11 18:25:14.260321,Excessive Idling,Main St.,medium,-2.49
2024-10-11 23:21:14.260321,DR-2024-006,Driver 6,5,2,185.31,18.53,0.77,2.06,16.1,3.71,3,2,1,1,0,0,85,90,95,90,100,100,2,12,2,13,15,5,2024-10-12 15:56:14.260321,Excessive Idling,Main St.,positive,1.4
2024-10-12 23:21:14.260321,DR-2024-006,Driver 6,5,2,142.65,14.27,0.86,2.3,27.47,2.85,1,0,2,1,1,4,95,100,95,80,90,92,0,27,0,5,15,5,2024-10-13 08:19:14.260321,Optimal Route Followed,Route C,positive,-0.03
2024-10-13 23:21:14.260321,DR-2024-006,Driver 6,5,2,132.39,13.24,3.13,8.39,5.4,2.65,2,1,1,1,0,3,90,95,95,90,100,94,2,29,2,6,15,4,2024-10-14 19:06:14.260321,Excessive Idling,Route C,low,-1.98
2024-10-14 23:21:14.260321,DR-2024-006,Driver 6,5,3,168.88,16.89,4.41,11.82,28.1,3.38,1,1,0,0,1,4,95,95,100,100,90,92,0,8,0,6,15,4,2024-10-15 14:36:14.260321,Harsh Braking,Delivery Point B,high,-3.11
2024-10-15 23:21:14.260321,DR-2024-006,Driver 6,5,8,170.97,17.1,1.71,4.58,29.6,3.42,2,3,0,0,0,0,90,85,100,100,100,100,1,20,1,14,15,1,2024-10-16 06:38:14.260321,Excessive Idling,Route C,high,-1.06
2024-10-16 23:21:14.260321,DR-2024-006,Driver 6,5,3,143.12,14.31,1.39,3.73,24.37,2.86,2,3,1,2,0,0,90,85,90,90,100,100,1,30,1,15,15,2,2024-10-17 20:19:14.260321,Harsh Braking,Main St.,medium,-1.44
2024-10-17 23:21:14.260321,DR-2024-006,Driver 6,5,4,189.8,18.98,4.89,13.11,29.35,3.8,1,3,2,2,0,5,95,85,90,80,100,90,2,30,0,13,15,2,2024-10-18 05:43:14.260321,Harsh Braking,Route C,high,4.29
2024-10-18 23:21:14.260321,DR-2024-006,Driver 6,5,2,60.25,6.03,0.81,2.17,11.24,1.21,3,3,0,1,0,1,85,85,95,100,100,98,2,23,2,11,15,1,2024-10-19 19:40:14.260321,Excessive Idling,Main St.,high,2.5
2024-10-19 23:21:14.260321,DR-2024-006,Driver 6,5,2,86.98,8.7,0.89,2.39,24.02,1.74,1,0,1,1,0,1,95,100,95,90,100,98,0,16,1,12,15,1,2024-10-20 14:25:14.260321,Optimal Route Followed,Main St.,high,4.86
2024-10-20 23:21:14.260321,DR-2024-006,Driver 6,5,8,153.79,15.38,4.78,12.81,24.21,3.08,3,0,1,0,1,3,85,100,100,90,90,94,2,5,1,12,15,2,2024-10-21 06:32:14.260321,Harsh Braking,Main St.,medium,-0.07
2024-10-21 23:21:14.260321,DR-2024-006,Driver 6,5,6,84.21,8.42,3.77,10.1,17.85,1.68,2,0,1,2,0,2,90,100,90,90,100,96,0,11,0,11,15,5,2024-10-22 18:36:14.260321,Optimal Route Followed,Main St.,positive,-0.68
2024-10-22 23:21:14.260321,DR-2024-006,Driver 6,5,3,198.97,19.9,3.32,8.9,12.7,3.98,3,0,1,0,1,4,85,100,100,90,90,92,2,6,2,9,15,2,2024-10-23 18:17:14.260321,Excessive Idling,Delivery Point B,high,0.06
2024-10-23 23:21:14.260321,DR-2024-006,Driver 6,5,8,198.84,19.88,4.67,12.52,7.55,3.98,1,0,1,0,1,2,95,100,100,90,90,96,2,4,3,7,15,1,2024-10-24 14:23:14.260321,Optimal Route Followed,Delivery Point B,medium,-3.53
2024-10-24 23:21:14.260321,DR-2024-006,Driver 6,5,7,198.27,19.83,1.51,4.05,5.44,3.97,2,0,1,0,0,5,90,100,100,90,100,90,0,3,1,6,15,2,2024-10-25 07:07:14.260321,Optimal Route Followed,Main St.,positive,2.74
2024-10-25 23:21:14.260321,DR-2024-006,Driver 6,5,7,157.17,15.72,3.44,9.22,8.6,3.14,0,0,1,2,0,4,100,100,90,90,100,92,2,21,6,6,15,5,2024-10-26 06:29:14.260321,Harsh Braking,Delivery Point B,high,-2.77
2024-10-26 23:21:14.260321,DR-2024-006,Driver 6,5,2,65.52,6.55,2.2,5.9,25.77,1.31,2,2,2,2,0,1,90,90,90,80,100,98,2,0,0,8,15,1,2024-10-27 13:11:14.260321,Optimal Route Followed,Delivery Point B,high,-3.71
2024-10-27 23:21:14.260321,DR-2024-006,Driver 6,5,7,59.84,5.98,4.12,11.04,17.55,1.2,2,2,1,2,1,3,90,90,90,90,90,94,0,23,2,9,15,2,2024-10-28 05:24:14.260321,Excessive Idling,Delivery Point B,positive,-4.34
2024-10-28 23:21:14.260321,DR-2024-006,Driver 6,5,6,156.03,15.6,2.14,5.74,13.21,3.12,2,0,0,0,0,5,90,100,100,100,100,90,1,2,2,15,15,5,2024-10-29 20:35:14.260321,Optimal Route Followed,Route C,low,4.24
2024-10-29 23:21:14.260321,DR-2024-006,Driver 6,5,8,170.11,17.01,4.62,12.38,15.8,3.4,3,2,0,2,0,4,85,90,90,100,100,92,0,15,3,7,15,4,2024-10-30 10:04:14.260321,Excessive Idling,Main St.,low,1.72
2024-10-30 23:21:14.260321,DR-2024-006,Driver 6,5,4,70.14,7.01,2.65,7.1,12.37,1.4,0,1,0,1,1,5,100,95,95,100,90,90,0,21,3,5,15,1,2024-10-31 17:30:14.260321,Harsh Braking,Delivery Point B,high,3.41
2024-10-31 23:21:14.260321,DR-2024-006,Driver 6,5,4,133.29,13.33,2.47,6.62,15.61,2.67,1,0,0,1,0,3,95,100,95,100,100,94,1,18,4,8,15,1,2024-11-01 23:05:14.260321,Excessive Idling,Route C,high,0.01
2024-11-01 23:21:14.260321,DR-2024-006,Driver 6,5,4,180.5,18.05,3.43,9.19,21.19,3.61,0,0,0,2,1,3,100,100,90,100,90,94,1,1,2,12,15,4,2024-11-02 15:20:14.260321,Excessive Idling,Main St.,medium,-4.83
2024-10-03 23:21:14.260321,DR-2024-007,Driver 7,10,4,167.39,16.74,2.55,6.83,11.98,3.35,0,3,0,1,1,2,100,85,95,100,90,96,0,30,1,9,15,4,2024-10-04 14:30:14.260321,Harsh Braking,Route C,positive,-1.55
2024-10-04 23:21:14.260321,DR-2024-007,Driver 7,10,3,84.61,8.46,1.54,4.13,12.72,1.69,2,1,1,1,0,1,90,95,95,90,100,98,1,13,0,13,15,5,2024-10-05 12:05:14.260321,Harsh Braking,Main St.,high,4.08
2024-10-05 23:21:14.260321,DR-2024-007,Driver 7,10,6,91.93,9.19,2.67,7.16,22.35,1.84,1,0,2,2,1,2,95,100,90,80,90,96,0,29,4,12,15,1,2024-10-06 11:23:14.260321,Harsh Braking,Delivery Point B,high,-4.36
2024-10-06 23:21:14.260321,DR-2024-007,Driver 7,10,3,133.22,13.32,0.47,1.26,26.7,2.66,3,3,0,0,0,2,85,85,100,100,100,96,0,14,3,5,15,3,2024-10-07 12:30:14.260321,Excessive Idling,Main St.,medium,4.46
2024-10-07 23:21:14.260321,DR-2024-007,Driver 7,10,4,193.28,19.33,2.98,7.99,9.18,3.87,3,3,0,0,0,5,85,85,100,100,100,90,1,24,0,9,15,1,2024-10-08 21:52:14.260321,Excessive Idling,Route C,high,3.23
2024-10-08 23:21:14.260321,DR-2024-007,Driver 7,10,8,136.88,13.69,4.61,12.35,20.05,2.74,0,3,1,0,0,5,100,85,100,90,100,90,2,23,6,12,15,3,2024-10-09 17:39:14.260321,Optimal Route Followed,Delivery Point B,medium,4.54
2024-10-09 23:21:14.260321,DR-2024-007,Driver 7,10,8,132.08,13.21,4.81,12.89,24.32,2.64,0,2,2,0,1,0,100,90,100,80,90,100,0,5,4,8,15,1,2024-10-10 06:52:14.260321,Excessive Idling,Main St.,positive,-4.0
2024-10-10 23:21:14.260321,DR-2024-007,Driver 7,10,7,85.49,8.55,4.36,11.68,5.67,1.71,2,3,0,2,0,1,90,85,90,100,100,98,2,5,4,14,15,5,2024-10-11 11:00:14.260321,Optimal Route Followed,Delivery Point B,high,2.32
2024-10-11 23:21:14.260321,DR-2024-007,Driver 7,10,3,118.74,11.87,0.49,1.31,21.2,2.37,3,0,2,0,0,3,85,100,100,80,100,94,1,12,1,6,15,2,2024-10-12 17:42:14.260321,Optimal Route Followed,Main St.,high,3.49
2024-10-12 23:21:14.260321,DR-2024-007,Driver 7,10,2,185.03,18.5,1.66,4.45,24.2,3.7,0,0,2,2,0,3,100,100,90,80,100,94,0,12,2,15,15,1,2024-10-13 03:47:14.260321,Optimal Route Followed,Main St.,low,-3.68
2024-10-13 23:21:14.260321,DR-2024-007,Driver 7,10,5,193.81,19.38,3.57,9.57,13.07,3.88,1,2,0,2,0,4,95,90,90,100,100,92,1,29,3,8,15,2,2024-10-14 19:03:14.260321,Excessive Idling,Delivery Point B,medium,3.52
2024-10-14 23:21:14.260321,DR-2024-007,Driver 7,10,8,79.45,7.95,4.79,12.84,20.62,1.59,2,0,0,2,0,5,90,100,90,100,100,90,1,9,5,10,15,2,2024-10-15 15:50:14.260321,Harsh Braking,Route C,positive,-3.09
2024-10-15 23:21:14.260321,DR-2024-007,Driver 7,10,3,60.64,6.06,2.48,6.65,19.06,1.21,1,0,2,1,0,4,95,100,95,80,100,92,0,4,3,9,15,4,2024-10-16 15:06:14.260321,Optimal Route Followed,Delivery Point B,high,-0.22
2024-10-16 23:21:14.260321,DR-2024-007,Driver 7,10,7,160.21,16.02,1.86,4.98,20.1,3.2,3,3,0,2,1,3,85,85,90,100,90,94,0,4,2,7,15,2,2024-10-17 02:52:14.260321,Excessive Idling,Main St.,positive,-1.95
2024-10-17 23:21:14.260321,DR-2024-007,Driver 7,10,7,197.57,19.76,2.69,7.21,25.58,3.95,0,1,2,0,0,3,100,95,100,80,100,94,2,25,6,5,15,5,2024-10-18 03:21:14.260321,Harsh Braking,Route C,positive,-0.21
2024-10-18 23:21:14.260321,DR-2024-007,Driver 7,10,7,94.25,9.43,1.27,3.4,23.06,1.89,3,2,0,2,0,4,85,90,90,100,100,92,2,11,5,8,15,1,2024-10-19 17:03:14.260321,Harsh Braking,Delivery Point B,low,-4.78
2024-10-19 23:21:14.260321,DR-2024-007,Driver 7,10,4,169.27,16.93,0.95,2.55,27.65,3.39,0,2,1,0,0,1,100,90,100,90,100,98,1,20,1,9,15,2,2024-10-20 21:17:14.260321,Excessive Idling,Route C,medium,4.71
2024-10-20 23:21:14.260321,DR-2024-007,Driver 7,10,7,172.16,17.22,2.68,7.18,9.73,3.44,0,3,0,1,0,1,100,85,95,100,100,98,0,7,5,11,15,1,2024-10-21 16:27:14.260321,Excessive Idling,Route C,high,4.17
2024-10-21 23:21:14.260321,DR-2024-007,Driver 7,10,5,150.34,15.03,3.42,9.17,13.77,3.01,1,2,1,1,1,3,95,90,95,90,90,94,1,7,5,10,15,5,2024-10-22 15:43:14.260321,Excessive Idling,Main St.,high,0.34
2024-10-22 23:21:14.260321,DR-2024-007,Driver 7,10,2,170.55,17.05,2.6,6.97,20.8,3.41,2,3,1,2,1,2,90,85,90,90,90,96,0,10,2,10,15,2,2024-10-23 02:43:14.260321,Excessive Idling,Delivery Point B,high,4.06
2024-10-23 23:21:14.260321,DR-2024-007,Driver 7,10,4,97.77,9.78,2.94,7.88,6.65,1.96,1,2,1,2,0,1,95,90,90,90,100,98,0,4,0,11,15,3,2024-10-24 17:43:14.260321,Harsh Braking,Delivery Point B,medium,-0.56
2024-10-24 23:21:14.260321,DR-2024-007,Driver 7,10,6,164.85,16.48,1.77,4.74,7.81,3.3,1,1,1,2,0,4,95,95,90,90,100,92,0,24,2,15,15,2,2024-10-25 23:02:14.260321,Excessive Idling,Main St.,positive,3.27
2024-10-25 23:21:14.260321,DR-2024-007,Driver 7,10,2,197.14,19.71,0.09,0.24,25.42,3.94,0,2,2,0,0,4,100,90,100,80,100,92,1,4,0,7,15,5,2024-10-26 01:03:14.260321,Optimal Route Followed,Route C,positive,2.03
2024-10-26 23:21:14.260321,DR-2024-007,Driver 7,10,7,184.31,18.43,4.77,12.78,28.73,3.69,3,2,2,0,1,4,85,90,100,80,90,92,1,16,1,6,15,3,2024-10-27 01:27:14.260321,Optimal Route Followed,Delivery Point B,high,-2.13
2024-10-27 23:21:14.260321,DR-2024-007,Driver 7,10,6,140.35,14.04,2.73,7.32,25.34,2.81,2,3,0,1,0,2,90,85,95,100,100,96,2,15,2,10,15,5,2024-10-28 17:06:14.260321,Excessive Idling,Main St.,positive,-0.64
2024-10-28 23:21:14.260321,DR-2024-007,Driver 7,10,4,62.02,6.2,1.25,3.35,17.93,1.24,3,2,0,0,1,3,85,90,100,100,90,94,0,4,2,7,15,4,2024-10-29 11:03:14.260321,Excessive Idling,Route C,low,-3.96
2024-10-29 23:21:14.260321,DR-2024-007,Driver 7,10,3,60.11,6.01,2.6,6.97,15.57,1.2,2,1,2,1,1,0,90,95,95,80,90,100,0,12,1,5,15,5,2024-10-30 17:35:14.260321,Optimal Route Followed,Main St.,low,-1.78
2024-10-30 23:21:14.260321,DR-2024-007,Driver 7,10,5,173.07,17.31,2.04,5.47,21.57,3.46,2,2,1,2,0,3,90,90,90,90,100,94,1,1,3,13,15,5,2024-10-31 23:14:14.260321,Harsh Braking,Main St.,positive,-1.03
2024-10-31 23:21:14.260321,DR-2024-007,Driver 7,10,4,199.64,19.96,0.88,2.36,11.25,3.99,0,3,2,2,1,2,100,85,90,80,90,96,2,3,0,15,15,1,2024-11-01 17:11:14.260321,Optimal Route Followed,Main St.,medium,-1.13
2024-11-01 23:21:14.260321,DR-2024-007,Driver 7,10,6,191.81,19.18,0.16,0.43,17.69,3.84,1,3,0,0,0,5,95,85,100,100,100,90,1,8,6,13,15,5,2024-11-02 12:24:14.260321,Harsh Braking,Route C,low,-4.51
2024-10-03 23:21:14.260321,DR-2024-008,Driver 8,6,5,73.41,7.34,0.14,0.38,6.47,1.47,2,1,2,2,0,5,90,95,90,80,100,90,1,6,4,14,15,4,2024-10-04 08:10:14.260321,Optimal Route Followed,Main St.,medium,-1.3
2024-10-04 23:21:14.260321,DR-2024-008,Driver 8,6,5,99.82,9.98,4.28,11.47,23.91,2.0,0,0,1,2,0,3,100,100,90,90,100,94,1,8,4,15,15,5,2024-10-05 16:53:14.260321,Excessive Idling,Delivery Point B,high,1.13
2024-10-05 23:21:14.260321,DR-2024-008,Driver 8,6,4,153.8,15.38,1.52,4.07,7.27,3.08,1,2,2,2,0,1,95,90,90,80,100,98,1,26,4,5,15,5,2024-10-06 17:31:14.260321,Harsh Braking,Delivery Point B,medium,-4.08
2024-10-06 23:21:14.260321,DR-2024-008,Driver 8,6,5,69.68,6.97,1.31,3.51,19.7,1.39,3,2,0,0,1,0,85,90,100,100,90,100,1,6,1,11,15,3,2024-10-07 04:27:14.260321,Harsh Braking,Delivery Point B,medium,-1.04
2024-10-07 23:21:14.260321,DR-2024-008,Driver 8,6,6,165.85,16.59,1.77,4.74,20.35,3.32,2,2,0,2,0,4,90,90,90,100,100,92,2,1,5,15,15,2,2024-10-08 00:45:14.260321,Harsh Braking,Main St.,positive,2.6
2024-10-08 23:21:14.260321,DR-2024-008,Driver 8,6,2,150.92,15.09,4.46,11.95,6.2,3.02,3,3,2,0,0,3,85,85,100,80,100,94,0,3,2,14,15,5,2024-10-09 05:12:14.260321,Excessive Idling,Delivery Point B,positive,-2.01
2024-10-09 23:21:14.260321,DR-2024-008,Driver 8,6,3,131.25,13.12,3.36,9.0,22.29,2.62,0,3,0,2,0,4,100,85,90,100,100,92,2,24,2,9,15,2,2024-10-10 16:40:14.260321,Harsh Braking,Main St.,positive,1.13
2024-10-10 23:21:14.260321,DR-2024-008,Driver 8,6,4,153.12,15.31,1.32,3.54,17.29,3.06,0,3,2,1,0,3,100,85,95,80,100,94,0,29,3,11,15,2,2024-10-11 06:41:14.260321,Harsh Braking,Delivery Point B,positive,4.01
2024-10-11 23:21:14.260321,DR-2024-008,Driver 8,6,7,93.78,9.38,1.75,4.69,29.96,1.88,2,0,2,0,0,2,90,100,100,80,100,96,2,30,6,5,15,3,2024-10-11 23:50:14.260321,Harsh Braking,Route C,low,-1.17
2024-10-12 23:21:14.260321,DR-2024-008,Driver 8,6,7,72.1,7.21,3.22,8.63,21.26,1.44,0,2,0,1,0,0,100,90,95,100,100,100,1,4,0,14,15,1,2024-10-13 13:03:14.260321,Optimal Route Followed,Route C,high,-3.48
2024-10-13 23:21:14.260321,DR-2024-008,Driver 8,6,6,112.45,11.25,1.58,4.23,11.69,2.25,3,3,1,2,1,3,85,85,90,90,90,94,0,15,2,11,15,4,2024-10-14 05:19:14.260321,Optimal Route Followed,Main St.,low,4.27
2024-10-14 23:21:14.260321,DR-2024-008,Driver 8,6,6,163.3,16.33,3.21,8.6,16.03,3.27,2,3,1,2,1,3,90,85,90,90,90,94,2,26,5,9,15,4,2024-10-15 21:58:14.260321,Excessive Idling,Delivery Point B,positive,-4.42
2024-10-15 23:21:14.260321,DR-2024-008,Driver 8,6,5,102.46,10.25,4.0,10.72,9.97,2.05,1,3,0,2,0,5,95,85,90,100,100,90,0,21,5,6,15,3,2024-10-16 04:01:14.260321,Excessive Idling,Route C,low,4.34
2024-10-16 23:21:14.260321,DR-2024-008,Driver 8,6,5,189.8,18.98,0.43,1.15,5.81,3.8,0,0,0,1,1,3,100,100,95,100,90,94,1,30,5,9,15,3,2024-10-17 12:00:14.260321,Harsh Braking,Route C,medium,-4.61
2024-10-17 23:21:14.260321,DR-2024-008,Driver 8,6,3,134.94,13.49,2.78,7.45,7.11,2.7,2,0,0,2,1,5,90,100,90,100,90,90,1,8,3,6,15,5,2024-10-18 15:58:14.260321,Excessive Idling,Route C,high,-3.14
2024-10-18 23:21:14.260321,DR-2024-008,Driver 8,6,2,86.41,8.64,1.88,5.04,25.2,1.73,2,2,0,2,1,1,90,90,90,100,90,98,2,0,1,15,15,2,2024-10-19 11:58:14.260321,Optimal Route Followed,Delivery Point B,medium,-3.74
2024-10-19 23:21:14.260321,DR-2024-008,Driver 8,6,8,125.69,12.57,3.88,10.4,6.69,2.51,0,2,1,2,1,3,100,90,90,90,90,94,2,3,6,11,15,5,2024-10-20 11:19:14.260321,Optimal Route Followed,Delivery Point B,low,1.13
2024-10-20 23:21:14.260321,DR-2024-008,Driver 8,6,4,142.06,14.21,3.12,8.36,8.4,2.84,2,2,1,1,1,2,90,90,95,90,90,96,1,1,4,14,15,3,2024-10-21 14:08:14.260321,Optimal Route Followed,Main St.,low,3.47
2024-10-21 23:21:14.260321,DR-2024-008,Driver 8,6,4,61.98,6.2,3.08,8.25,20.91,1.24,3,1,2,1,1,2,85,95,95,80,90,96,0,27,4,8,15,3,2024-10-21 23:39:14.260321,Optimal Route Followed,Route C,positive,4.07
2024-10-22 23:21:14.260321,DR-2024-008,Driver 8,6,7,120.87,12.09,2.37,6.35,20.89,2.42,3,3,2,0,0,3,85,85,100,80,100,94,1,28,4,9,15,5,2024-10-23 11:26:14.260321,Harsh Braking,Route C,positive,3.62
2024-10-23 23:21:14.260321,DR-2024-008,Driver 8,6,3,130.21,13.02,3.48,9.33,13.88,2.6,2,1,1,1,1,2,90,95,95,90,90,96,2,3,2,11,15,2,2024-10-24 09:04:14.260321,Harsh Braking,Main St.,positive,4.72
2024-10-24 23:21:14.260321,DR-2024-008,Driver 8,6,3,145.28,14.53,1.45,3.89,18.81,2.91,3,1,1,1,1,2,85,95,95,90,90,96,2,12,1,10,15,4,2024-10-25 05:10:14.260321,Excessive Idling,Main St.,low,-3.98
2024-10-25 23:21:14.260321,DR-2024-008,Driver 8,6,2,193.13,19.31,3.04,8.15,6.2,3.86,3,2,2,1,1,2,85,90,95,80,90,96,0,11,0,11,15,3,2024-10-26 00:20:14.260321,Optimal Route Followed,Route C,low,3.92
2024-10-26 23:21:14.260321,DR-2024-008,Driver 8,6,8,191.33,19.13,3.98,10.67,14.58,3.83,3,0,0,0,1,4,85,100,100,100,90,92,1,20,3,7,15,3,2024-10-27 18:54:14.260321,Excessive Idling,Route C,low,-0.16
2024-10-27 23:21:14.260321,DR-2024-008,Driver 8,6,8,159.53,15.95,0.36,0.96,18.15,3.19,0,2,2,1,0,0,100,90,95,80,100,100,0,27,8,15,15,1,2024-10-28 01:32:14.260321,Excessive Idling,Delivery Point B,low,-1.82
2024-10-28 23:21:14.260321,DR-2024-008,Driver 8,6,7,74.32,7.43,2.68,7.18,16.22,1.49,3,1,0,0,1,0,85,95,100,100,90,100,0,2,0,8,15,2,2024-10-29 02:25:14.260321,Harsh Braking,Delivery Point B,low,-4.35
2024-10-29 23:21:14.260321,DR-2024-008,Driver 8,6,5,146.53,14.65,0.88,2.36,22.85,2.93,0,1,2,0,1,5,100,95,100,80,90,90,2,28,5,13,15,1,2024-10-30 19:56:14.260321,Optimal Route Followed,Main St.,high,3.59
2024-10-30 23:21:14.260321,DR-2024-008,Driver 8,6,7,113.95,11.39,0.72,1.93,29.8,2.28,1,1,0,1,0,4,95,95,95,100,100,92,2,8,0,14,15,5,2024-10-31 03:33:14.260321,Optimal Route Followed,Main St.,medium,1.76
2024-10-31 23:21:14.260321,DR-2024-008,Driver 8,6,7,117.93,11.79,2.6,6.97,7.85,2.36,1,2,0,0,0,2,95,90,100,100,100,96,1,9,0,14,15,5,2024-11-01 20:12:14.260321,Harsh Braking,Delivery Point B,high,1.15
2024-11-01 23:21:14.260321,DR-2024-008,Driver 8,6,2,66.63,6.66,3.83,10.26,6.17,1.33,2,2,1,1,1,1,90,90,95,90,90,98,2,0,1,5,15,4,2024-11-02 12:54:14.260321,Excessive Idling,Route C,medium,2.44
2024-10-03 23:21:14.260321,DR-2024-009,Driver 9,1,3,117.12,11.71,3.02,8.09,9.04,2.34,3,3,0,2,1,5,85,85,90,100,90,90,0,3,2,6,15,3,2024-10-04 16:09:14.260321,Excessive Idling,Route C,low,-2.39
2024-10-04 23:21:14.260321,DR-2024-009,Driver 9,1,7,171.65,17.16,3.11,8.33,26.65,3.43,3,3,0,1,1,1,85,85,95,100,90,98,0,20,5,14,15,5,2024-10-05 22:11:14.260321,Excessive Idling,Main St.,positive,4.29
2024-10-05 23:21:14.260321,DR-2024-009,Driver 9,1,6,74.61,7.46,2.92,7.83,13.56,1.49,2,2,0,2,1,2,90,90,90,100,90,96,1,12,5,9,15,2,2024-10-06 11:52:14.260321,Excessive Idling,Route C,high,0.62
2024-10-06 23:21:14.260321,DR-2024-009,Driver 9,1,7,84.65,8.46,4.55,12.19,21.31,1.69,2,2,1,0,1,5,90,90,100,90,90,90,1,11,2,12,15,5,2024-10-07 00:23:14.260321,Excessive Idling,Route C,high,-0.31
2024-10-07 23:21:14.260321,DR-2024-009,Driver 9,1,7,152.82,15.28,3.73,10.0,26.85,3.06,3,2,2,0,1,4,85,90,100,80,90,92,2,6,4,7,15,1,2024-10-08 22:50:14.260321,Optimal Route Followed,Main St.,medium,1.59
2024-10-08 23:21:14.260321,DR-2024-009,Driver 9,1,3,185.76,18.58,4.86,13.02,7.92,3.72,2,2,1,0,1,1,90,90,100,90,90,98,1,5,2,14,15,1,2024-10-09 12:28:14.260321,Excessive Idling,Main St.,positive,3.59
2024-10-09 23:21:14.260321,DR-2024-009,Driver 9,1,2,125.65,12.57,1.69,4.53,24.02,2.51,1,2,0,1,1,1,95,90,95,100,90,98,0,29,0,8,15,3,2024-10-10 13:56:14.260321,Harsh Braking,Route C,high,-1.46
2024-10-10 23:21:14.260321,DR-2024-009,Driver 9,1,4,51.16,5.12,2.97,7.96,7.33,1.02,0,2,0,2,0,1,100,90,90,100,100,98,1,20,3,10,15,1,2024-10-11 22:38:14.260321,Excessive Idling,Route C,positive,0.9
2024-10-11 23:21:14.260321,DR-2024-009,Driver 9,1,2,108.74,10.87,0.68,1.82,6.43,2.17,0,0,2,2,1,2,100,100,90,80,90,96,2,22,2,11,15,4,2024-10-12 18:01:14.260321,Optimal Route Followed,Delivery Point B,medium,-4.15
2024-10-12 23:21:14.260321,DR-2024-009,Driver 9,1,6,72.24,7.22,2.78,7.45,7.66,1.44,0,1,2,1,1,2,100,95,95,80,90,96,1,29,6,13,15,4,2024-10-13 13:55:14.260321,Optimal Route Followed,Delivery Point B,positive,-3.52
2024-10-13 23:21:14.260321,DR-2024-009,Driver 9,1,3,113.36,11.34,1.89,5.07,6.46,2.27,3,2,1,1,1,2,85,90,95,90,90,96,1,14,0,13,15,3,2024-10-14 00:17:14.260321,Harsh Braking,Delivery Point B,low,0.11
2024-10-14 23:21:14.260321,DR-2024-009,Driver 9,1,2,149.17,14.92,0.91,2.44,29.51,2.98,2,0,2,2,1,5,90,100,90,80,90,90,2,15,0,15,15,1,2024-10-15 05:08:14.260321,Harsh Braking,Main St.,medium,0.56
2024-10-15 23:21:14.260321,DR-2024-009,Driver 9,1,4,53.76,5.38,2.79,7.48,12.53,1.08,1,2,0,2,1,5,95,90,90,100,90,90,0,26,1,15,15,5,2024-10-16 11:11:14.260321,Harsh Braking,Main St.,high,0.47
2024-10-16 23:21:14.260321,DR-2024-009,Driver 9,1,3,108.58,10.86,0.68,1.82,18.65,2.17,0,1,0,2,0,2,100,95,90,100,100,96,2,20,3,12,15,3,2024-10-17 06:37:14.260321,Optimal Route Followed,Delivery Point B,low,1.39
2024-10-17 23:21:14.260321,DR-2024-009,Driver 9,1,6,153.98,15.4,4.98,13.35,12.4,3.08,2,3,1,0,1,1,90,85,100,90,90,98,0,28,6,12,15,1,2024-10-18 21:50:14.260321,Harsh Braking,Route C,high,1.17
2024-10-18 23:21:14.260321,DR-2024-009,Driver 9,1,6,102.63,10.26,2.68,7.18,5.24,2.05,2,2,0,2,0,2,90,90,90,100,100,96,2,2,4,8,15,3,2024-10-19 18:29:14.260321,Excessive Idling,Delivery Point B,high,1.01
2024-10-19 23:21:14.260321,DR-2024-009,Driver 9,1,5,90.27,9.03,1.32,3.54,12.91,1.81,0,0,1,0,1,5,100,100,100,90,90,90,0,6,1,9,15,1,2024-10-20 13:04:14.260321,Optimal Route Followed,Route C,high,1.35
2024-10-20 23:21:14.260321,DR-2024-009,Driver 9,1,7,185.95,18.59,2.48,6.65,22.03,3.72,3,2,2,2,0,0,85,90,90,80,100,100,1,3,1,14,15,2,2024-10-21 14:58:14.260321,Harsh Braking,Delivery Point B,high,-3.52
2024-10-21 23:21:14.260321,DR-2024-009,Driver 9,1,2,91.23,9.12,2.1,5.63,6.6,1.82,1,3,2,1,1,0,95,85,95,80,90,100,1,22,0,13,15,2,2024-10-22 17:07:14.260321,Optimal Route Followed,Main St.,low,3.65
2024-10-22 23:21:14.260321,DR-2024-009,Driver 9,1,8,56.48,5.65,3.53,9.46,6.09,1.13,1,3,1,2,0,2,95,85,90,90,100,96,2,20,2,14,15,4,2024-10-23 22:25:14.260321,Optimal Route Followed,Delivery Point B,positive,-1.06
2024-10-23 23:21:14.260321,DR-2024-009,Driver 9,1,8,124.3,12.43,4.64,12.44,5.06,2.49,3,0,2,2,0,2,85,100,90,80,100,96,2,20,8,5,15,4,2024-10-24 21:12:14.260321,Optimal Route Followed,Main St.,high,-0.1
2024-10-24 23:21:14.260321,DR-2024-009,Driver 9,1,2,152.44,15.24,0.04,0.11,27.33,3.05,1,1,0,2,0,5,95,95,90,100,100,90,2,5,0,11,15,2,2024-10-25 15:03:14.260321,Optimal Route Followed,Delivery Point B,medium,2.6
2024-10-25 23:21:14.260321,DR-2024-009,Driver 9,1,2,50.92,5.09,3.73,10.0,16.4,1.02,1,0,1,2,1,1,95,100,90,90,90,98,2,16,1,9,15,3,2024-10-26 00:34:14.260321,Excessive Idling,Delivery Point B,high,-3.2
2024-10-26 23:21:14.260321,DR-2024-009,Driver 9,1,6,198.49,19.85,4.63,12.41,5.41,3.97,2,2,2,0,0,0,90,90,100,80,100,100,2,26,5,9,15,4,2024-10-27 00:36:14.260321,Excessive Idling,Main St.,positive,4.82
2024-10-27 23:21:14.260321,DR-2024-009,Driver 9,1,3,155.22,15.52,4.98,13.35,15.88,3.1,1,3,0,0,0,3,95,85,100,100,100,94,1,16,0,9,15,2,2024-10-28 12:39:14.260321,Excessive Idling,Route C,positive,4.82
2024-10-28 23:21:14.260321,DR-2024-009,Driver 9,1,7,106.57,10.66,2.88,7.72,10.02,2.13,0,1,0,1,1,2,100,95,95,100,90,96,1,16,2,8,15,1,2024-10-29 18:34:14.260321,Optimal Route Followed,Main St.,medium,-0.57
2024-10-29 23:21:14.260321,DR-2024-009,Driver 9,1,4,161.86,16.19,3.2,8.58,25.84,3.24,3,3,1,2,1,0,85,85,90,90,90,100,0,18,3,11,15,5,2024-10-30 21:59:14.260321,Optimal Route Followed,Main St.,high,0.1
2024-10-30 23:21:14.260321,DR-2024-009,Driver 9,1,3,190.8,19.08,0.67,1.8,27.45,3.82,0,2,2,0,1,5,100,90,100,80,90,90,0,28,0,9,15,2,2024-10-31 16:23:14.260321,Harsh Braking,Main St.,medium,4.78
2024-10-31 23:21:14.260321,DR-2024-009,Driver 9,1,5,166.48,16.65,1.47,3.94,19.71,3.33,1,3,0,2,1,1,95,85,90,100,90,98,0,8,2,10,15,2,2024-11-01 03:53:14.260321,Excessive Idling,Route C,low,0.27
2024-11-01 23:21:14.260321,DR-2024-009,Driver 9,1,5,68.35,6.83,3.91,10.48,26.75,1.37,0,1,0,2,0,3,100,95,90,100,100,94,1,3,3,15,15,4,2024-11-02 06:25:14.260321,Optimal Route Followed,Route C,high,3.36
2024-10-03 23:21:14.260321,DR-2024-010,Driver 10,4,4,155.59,15.56,3.43,9.19,21.39,3.11,1,0,1,1,1,2,95,100,95,90,90,96,1,20,3,11,15,3,2024-10-04 07:40:14.260321,Optimal Route Followed,Delivery Point B,low,2.2
2024-10-04 23:21:14.260321,DR-2024-010,Driver 10,4,3,194.07,19.41,4.41,11.82,15.96,3.88,2,2,1,1,1,2,90,90,95,90,90,96,2,9,0,15,15,3,2024-10-05 12:33:14.260321,Optimal Route Followed,Delivery Point B,positive,-2.34
2024-10-05 23:21:14.260321,DR-2024-010,Driver 10,4,6,94.96,9.5,0.82,2.2,17.81,1.9,3,3,2,1,0,4,85,85,95,80,100,92,0,28,5,9,15,3,2024-10-06 21:15:14.260321,Excessive Idling,Main St.,high,-0.79
2024-10-06 23:21:14.260321,DR-2024-010,Driver 10,4,7,146.57,14.66,2.4,6.43,26.09,2.93,3,2,0,0,0,0,85,90,100,100,100,100,0,27,3,14,15,3,2024-10-07 15:30:14.260321,Optimal Route Followed,Delivery Point B,medium,3.15
2024-10-07 23:21:14.260321,DR-2024-010,Driver 10,4,5,118.04,11.8,0.67,1.8,13.12,2.36,1,1,2,0,1,4,95,95,100,80,90,92,0,14,3,14,15,3,2024-10-08 00:57:14.260321,Harsh Braking,Delivery Point B,positive,3.38
2024-10-08 23:21:14.260321,DR-2024-010,Driver 10,4,5,163.25,16.32,3.88,10.4,25.24,3.27,1,3,0,1,0,2,95,85,95,100,100,96,1,28,1,9,15,5,2024-10-09 04:12:14.260321,Optimal Route Followed,Route C,medium,1.61
2024-10-09 23:21:14.260321,DR-2024-010,Driver 10,4,7,182.93,18.29,3.24,8.68,12.99,3.66,3,0,2,1,1,0,85,100,95,80,90,100,2,10,7,8,15,4,2024-10-10 09:07:14.260321,Harsh Braking,Delivery Point B,low,0.91
2024-10-10 23:21:14.260321,DR-2024-010,Driver 10,4,3,168.13,16.81,3.43,9.19,24.69,3.36,2,2,1,2,0,2,90,90,90,90,100,96,2,19,0,15,15,1,2024-10-11 11:15:14.260321,Excessive Idling,Main St.,high,-2.97
2024-10-11 23:21:14.260321,DR-2024-010,Driver 10,4,6,113.05,11.3,1.73,4.64,19.12,2.26,2,1,0,0,0,2,90,95,100,100,100,96,0,15,3,8,15,2,2024-10-12 21:48:14.260321,Excessive Idling,Route C,low,-0.74
2024-10-12 23:21:14.260321,DR-2024-010,Driver 10,4,4,181.9,18.19,0.74,1.98,26.13,3.64,2,3,0,2,1,4,90,85,90,100,90,92,2,11,4,12,15,1,2024-10-13 00:04:14.260321,Excessive Idling,Route C,low,3.72
2024-10-13 23:21:14.260321,DR-2024-010,Driver 10,4,5,158.4,15.84,2.22,5.95,21.74,3.17,1,2,0,0,0,4,95,90,100,100,100,92,0,10,5,13,15,3,2024-10-14 06:17:14.260321,Excessive Idling,Route C,medium,-0.94
2024-10-14 23:21:14.260321,DR-2024-010,Driver 10,4,8,103.15,10.32,0.74,1.98,13.66,2.06,2,1,2,2,0,3,90,95,90,80,100,94,0,19,2,8,15,3,2024-10-15 12:00:14.260321,Excessive Idling,Route C,positive,3.04
2024-10-15 23:21:14.260321,DR-2024-010,Driver 10,4,3,171.27,17.13,4.67,12.52,19.38,3.43,2,3,2,2,0,2,90,85,90,80,100,96,0,3,0,10,15,2,2024-10-16 10:25:14.260321,Optimal Route Followed,Delivery Point B,low,2.11
2024-10-16 23:21:14.260321,DR-2024-010,Driver 10,4,8,124.85,12.48,3.7,9.92,18.32,2.5,1,0,1,1,0,4,95,100,95,90,100,92,1,18,2,13,15,2,2024-10-17 05:12:14.260321,Optimal Route Followed,Delivery Point B,medium,-4.19
2024-10-17 23:21:14.260321,DR-2024-010,Driver 10,4,8,74.39,7.44,1.71,4.58,26.64,1.49,3,1,1,1,0,2,85,95,95,90,100,96,2,26,3,7,15,5,2024-10-18 16:48:14.260321,Excessive Idling,Main St.,low,0.43
2024-10-18 23:21:14.260321,DR-2024-010,Driver 10,4,7,74.23,7.42,4.97,13.32,24.83,1.48,1,3,0,1,0,3,95,85,95,100,100,94,1,29,1,9,15,4,2024-10-19 09:30:14.260321,Harsh Braking,Main St.,medium,-1.11
2024-10-19 23:21:14.260321,DR-2024-010,Driver 10,4,7,180.51,18.05,2.54,6.81,5.51,3.61,3,3,1,2,1,5,85,85,90,90,90,90,2,3,2,9,15,1,2024-10-20 06:27:14.260321,Optimal Route Followed,Route C,medium,1.64
2024-10-20 23:21:14.260321,DR-2024-010,Driver 10,4,2,130.62,13.06,3.52,9.43,17.51,2.61,1,0,1,1,0,5,95,100,95,90,100,90,0,6,1,8,15,3,2024-10-21 04:14:14.260321,Harsh Braking,Main St.,medium,4.95
2024-10-21 23:21:14.260321,DR-2024-010,Driver 10,4,6,126.49,12.65,0.32,0.86,23.82,2.53,3,2,2,0,0,1,85,90,100,80,100,98,1,10,5,11,15,3,2024-10-22 12:51:14.260321,Optimal Route Followed,Route C,medium,-0.53
2024-10-22 23:21:14.260321,DR-2024-010,Driver 10,4,3,195.75,19.57,1.78,4.77,18.32,3.92,1,0,1,0,0,0,95,100,100,90,100,100,0,26,2,15,15,5,2024-10-23 12:09:14.260321,Harsh Braking,Main St.,high,2.9
2024-10-23 23:21:14.260321,DR-2024-010,Driver 10,4,5,53.8,5.38,4.97,13.32,29.88,1.08,1,0,0,0,1,5,95,100,100,100,90,90,2,30,5,10,15,3,2024-10-24 16:21:14.260321,Optimal Route Followed,Route C,medium,0.38
2024-10-24 23:21:14.260321,DR-2024-010,Driver 10,4,5,90.5,9.05,3.35,8.98,29.79,1.81,3,3,0,0,0,1,85,85,100,100,100,98,2,10,3,15,15,4,2024-10-25 20:31:14.260321,Excessive Idling,Route C,low,-0.4
2024-10-25 23:21:14.260321,DR-2024-010,Driver 10,4,4,163.09,16.31,1.73,4.64,19.94,3.26,1,0,0,1,0,2,95,100,95,100,100,96,0,4,0,11,15,4,2024-10-26 00:32:14.260321,Harsh Braking,Main St.,low,0.53
2024-10-26 23:21:14.260321,DR-2024-010,Driver 10,4,4,195.39,19.54,4.48,12.01,11.64,3.91,3,2,2,2,1,3,85,90,90,80,90,94,2,4,2,5,15,1,2024-10-27 22:38:14.260321,Excessive Idling,Route C,low,1.8
2024-10-27 23:21:14.260321,DR-2024-010,Driver 10,4,5,130.3,13.03,1.86,4.98,22.82,2.61,3,3,2,2,0,5,85,85,90,80,100,90,2,13,4,8,15,1,2024-10-28 10:00:14.260321,Harsh Braking,Delivery Point B,low,-3.03
2024-10-28 23:21:14.260321,DR-2024-010,Driver 10,4,8,147.12,14.71,1.44,3.86,24.83,2.94,3,3,0,2,1,3,85,85,90,100,90,94,0,10,5,10,15,5,2024-10-29 21:34:14.260321,Harsh Braking,Delivery Point B,low,3.67
2024-10-29 23:21:14.260321,DR-2024-010,Driver 10,4,2,165.41,16.54,4.93,13.21,11.78,3.31,1,2,0,2,0,3,95,90,90,100,100,94,1,14,2,5,15,2,2024-10-30 19:44:14.260321,Excessive Idling,Route C,medium,-0.07
2024-10-30 23:21:14.260321,DR-2024-010,Driver 10,4,7,189.44,18.94,0.3,0.8,21.6,3.79,3,3,2,2,0,0,85,85,90,80,100,100,1,16,3,13,15,1,2024-10-31 01:32:14.260321,Optimal Route Followed,Route C,positive,-1.41
2024-10-31 23:21:14.260321,DR-2024-010,Driver 10,4,4,70.05,7.0,0.96,2.57,13.12,1.4,0,3,1,2,1,4,100,85,90,90,90,92,1,30,0,14,15,3,2024-11-01 04:07:14.260321,Excessive Idling,Route C,high,-4.18
2024-11-01 23:21:14.260321,DR-2024-010,Driver 10,4,8,196.35,19.63,4.36,11.68,19.79,3.93,1,1,2,2,1,1,95,95,90,80,90,98,0,24,0,11,15,2,2024-11-02 08:24:14.260321,Optimal Route Followed,Main St.,high,4.89
